งวดวันที่,ประเภทรางวัล,เลขรางวัล,วันที่ดึงข้อมูล
1 พฤศจิกายน 2568,รางวัลที่ 1,345898,2025-11-04 21:27:04
1 พฤศจิกายน 2568,รางวัลเลขหน้า 3 ตัว,328,2025-11-04 21:27:04
1 พฤศจิกายน 2568,รางวัลเลขหน้า 3 ตัว,449,2025-11-04 21:27:04
1 พฤศจิกายน 2568,รางวัลเลขท้าย 3 ตัว,111,2025-11-04 21:27:05
1 พฤศจิกายน 2568,รางวัลเลขท้าย 3 ตัว,690,2025-11-04 21:27:05
1 พฤศจิกายน 2568,รางวัลเลขท้าย 2 ตัว,87,2025-11-04 21:27:05
1 พฤศจิกายน 2568,รางวัลข้างเคียงรางวัลที่ 1,345897,2025-11-04 21:27:05
1 พฤศจิกายน 2568,รางวัลข้างเคียงรางวัลที่ 1,345899,2025-11-04 21:27:05
1 พฤศจิกายน 2568,รางวัลที่ 2,151807,2025-11-04 21:27:05
1 พฤศจิกายน 2568,รางวัลที่ 2,275964,2025-11-04 21:27:05
1 พฤศจิกายน 2568,รางวัลที่ 2,372861,2025-11-04 21:27:05
1 พฤศจิกายน 2568,รางวัลที่ 2,742450,2025-11-04 21:27:05
1 พฤศจิกายน 2568,รางวัลที่ 2,416741,2025-11-04 21:27:05
1 พฤศจิกายน 2568,รางวัลที่ 3,624961,2025-11-04 21:27:05
1 พฤศจิกายน 2568,รางวัลที่ 3,320575,2025-11-04 21:27:05
1 พฤศจิกายน 2568,รางวัลที่ 3,406498,2025-11-04 21:27:05
1 พฤศจิกายน 2568,รางวัลที่ 3,432527,2025-11-04 21:27:05
1 พฤศจิกายน 2568,รางวัลที่ 3,886473,2025-11-04 21:27:05
1 พฤศจิกายน 2568,รางวัลที่ 3,231454,2025-11-04 21:27:05
1 พฤศจิกายน 2568,รางวัลที่ 3,945526,2025-11-04 21:27:05
1 พฤศจิกายน 2568,รางวัลที่ 3,309293,2025-11-04 21:27:05
1 พฤศจิกายน 2568,รางวัลที่ 3,901759,2025-11-04 21:27:05
1 พฤศจิกายน 2568,รางวัลที่ 3,367408,2025-11-04 21:27:05
1 พฤศจิกายน 2568,รางวัลที่ 4,372848,2025-11-04 21:27:05
1 พฤศจิกายน 2568,รางวัลที่ 4,554459,2025-11-04 21:27:05
1 พฤศจิกายน 2568,รางวัลที่ 4,034875,2025-11-04 21:27:05
1 พฤศจิกายน 2568,รางวัลที่ 4,616353,2025-11-04 21:27:05
1 พฤศจิกายน 2568,รางวัลที่ 4,972837,2025-11-04 21:27:05
1 พฤศจิกายน 2568,รางวัลที่ 4,283619,2025-11-04 21:27:05
1 พฤศจิกายน 2568,รางวัลที่ 4,486349,2025-11-04 21:27:05
1 พฤศจิกายน 2568,รางวัลที่ 4,250773,2025-11-04 21:27:05
1 พฤศจิกายน 2568,รางวัลที่ 4,533934,2025-11-04 21:27:05
1 พฤศจิกายน 2568,รางวัลที่ 4,581991,2025-11-04 21:27:05
1 พฤศจิกายน 2568,รางวัลที่ 4,483837,2025-11-04 21:27:05
1 พฤศจิกายน 2568,รางวัลที่ 4,949743,2025-11-04 21:27:05
1 พฤศจิกายน 2568,รางวัลที่ 4,542108,2025-11-04 21:27:05
1 พฤศจิกายน 2568,รางวัลที่ 4,039184,2025-11-04 21:27:05
1 พฤศจิกายน 2568,รางวัลที่ 4,034682,2025-11-04 21:27:05
1 พฤศจิกายน 2568,รางวัลที่ 4,299476,2025-11-04 21:27:05
1 พฤศจิกายน 2568,รางวัลที่ 4,060471,2025-11-04 21:27:05
1 พฤศจิกายน 2568,รางวัลที่ 4,059554,2025-11-04 21:27:05
1 พฤศจิกายน 2568,รางวัลที่ 4,342118,2025-11-04 21:27:05
1 พฤศจิกายน 2568,รางวัลที่ 4,225976,2025-11-04 21:27:05
1 พฤศจิกายน 2568,รางวัลที่ 4,083510,2025-11-04 21:27:05
1 พฤศจิกายน 2568,รางวัลที่ 4,384547,2025-11-04 21:27:05
1 พฤศจิกายน 2568,รางวัลที่ 4,982809,2025-11-04 21:27:05
1 พฤศจิกายน 2568,รางวัลที่ 4,558965,2025-11-04 21:27:05
1 พฤศจิกายน 2568,รางวัลที่ 4,221495,2025-11-04 21:27:05
1 พฤศจิกายน 2568,รางวัลที่ 4,394760,2025-11-04 21:27:05
1 พฤศจิกายน 2568,รางวัลที่ 4,478604,2025-11-04 21:27:05
1 พฤศจิกายน 2568,รางวัลที่ 4,951811,2025-11-04 21:27:05
1 พฤศจิกายน 2568,รางวัลที่ 4,856702,2025-11-04 21:27:05
1 พฤศจิกายน 2568,รางวัลที่ 4,456052,2025-11-04 21:27:05
1 พฤศจิกายน 2568,รางวัลที่ 4,626969,2025-11-04 21:27:05
1 พฤศจิกายน 2568,รางวัลที่ 4,178606,2025-11-04 21:27:05
1 พฤศจิกายน 2568,รางวัลที่ 4,623348,2025-11-04 21:27:05
1 พฤศจิกายน 2568,รางวัลที่ 4,263137,2025-11-04 21:27:05
1 พฤศจิกายน 2568,รางวัลที่ 4,266926,2025-11-04 21:27:05
1 พฤศจิกายน 2568,รางวัลที่ 4,685305,2025-11-04 21:27:05
1 พฤศจิกายน 2568,รางวัลที่ 4,357303,2025-11-04 21:27:05
1 พฤศจิกายน 2568,รางวัลที่ 4,774512,2025-11-04 21:27:05
1 พฤศจิกายน 2568,รางวัลที่ 4,808184,2025-11-04 21:27:05
1 พฤศจิกายน 2568,รางวัลที่ 4,958168,2025-11-04 21:27:05
1 พฤศจิกายน 2568,รางวัลที่ 4,749936,2025-11-04 21:27:05
1 พฤศจิกายน 2568,รางวัลที่ 4,764632,2025-11-04 21:27:05
1 พฤศจิกายน 2568,รางวัลที่ 4,727529,2025-11-04 21:27:05
1 พฤศจิกายน 2568,รางวัลที่ 4,037977,2025-11-04 21:27:05
1 พฤศจิกายน 2568,รางวัลที่ 4,422669,2025-11-04 21:27:05
1 พฤศจิกายน 2568,รางวัลที่ 4,005170,2025-11-04 21:27:05
1 พฤศจิกายน 2568,รางวัลที่ 4,672363,2025-11-04 21:27:05
1 พฤศจิกายน 2568,รางวัลที่ 4,973879,2025-11-04 21:27:05
1 พฤศจิกายน 2568,รางวัลที่ 4,187218,2025-11-04 21:27:05
1 พฤศจิกายน 2568,รางวัลที่ 4,621577,2025-11-04 21:27:05
1 พฤศจิกายน 2568,รางวัลที่ 5,454567,2025-11-04 21:27:05
1 พฤศจิกายน 2568,รางวัลที่ 5,203550,2025-11-04 21:27:05
1 พฤศจิกายน 2568,รางวัลที่ 5,017469,2025-11-04 21:27:05
1 พฤศจิกายน 2568,รางวัลที่ 5,104992,2025-11-04 21:27:05
1 พฤศจิกายน 2568,รางวัลที่ 5,388374,2025-11-04 21:27:05
1 พฤศจิกายน 2568,รางวัลที่ 5,994900,2025-11-04 21:27:05
1 พฤศจิกายน 2568,รางวัลที่ 5,142375,2025-11-04 21:27:05
1 พฤศจิกายน 2568,รางวัลที่ 5,865792,2025-11-04 21:27:05
1 พฤศจิกายน 2568,รางวัลที่ 5,384866,2025-11-04 21:27:05
1 พฤศจิกายน 2568,รางวัลที่ 5,673286,2025-11-04 21:27:05
1 พฤศจิกายน 2568,รางวัลที่ 5,193425,2025-11-04 21:27:05
1 พฤศจิกายน 2568,รางวัลที่ 5,541327,2025-11-04 21:27:05
1 พฤศจิกายน 2568,รางวัลที่ 5,297496,2025-11-04 21:27:05
1 พฤศจิกายน 2568,รางวัลที่ 5,131032,2025-11-04 21:27:05
1 พฤศจิกายน 2568,รางวัลที่ 5,997691,2025-11-04 21:27:05
1 พฤศจิกายน 2568,รางวัลที่ 5,062960,2025-11-04 21:27:05
1 พฤศจิกายน 2568,รางวัลที่ 5,119019,2025-11-04 21:27:05
1 พฤศจิกายน 2568,รางวัลที่ 5,370767,2025-11-04 21:27:05
1 พฤศจิกายน 2568,รางวัลที่ 5,531239,2025-11-04 21:27:05
1 พฤศจิกายน 2568,รางวัลที่ 5,410723,2025-11-04 21:27:05
1 พฤศจิกายน 2568,รางวัลที่ 5,855304,2025-11-04 21:27:05
1 พฤศจิกายน 2568,รางวัลที่ 5,199848,2025-11-04 21:27:05
1 พฤศจิกายน 2568,รางวัลที่ 5,042645,2025-11-04 21:27:05
1 พฤศจิกายน 2568,รางวัลที่ 5,656303,2025-11-04 21:27:05
1 พฤศจิกายน 2568,รางวัลที่ 5,888388,2025-11-04 21:27:05
1 พฤศจิกายน 2568,รางวัลที่ 5,935791,2025-11-04 21:27:05
1 พฤศจิกายน 2568,รางวัลที่ 5,573163,2025-11-04 21:27:05
1 พฤศจิกายน 2568,รางวัลที่ 5,368512,2025-11-04 21:27:05
1 พฤศจิกายน 2568,รางวัลที่ 5,743235,2025-11-04 21:27:05
1 พฤศจิกายน 2568,รางวัลที่ 5,499780,2025-11-04 21:27:05
1 พฤศจิกายน 2568,รางวัลที่ 5,874547,2025-11-04 21:27:05
1 พฤศจิกายน 2568,รางวัลที่ 5,630020,2025-11-04 21:27:05
1 พฤศจิกายน 2568,รางวัลที่ 5,869844,2025-11-04 21:27:05
1 พฤศจิกายน 2568,รางวัลที่ 5,432326,2025-11-04 21:27:05
1 พฤศจิกายน 2568,รางวัลที่ 5,499824,2025-11-04 21:27:05
1 พฤศจิกายน 2568,รางวัลที่ 5,027532,2025-11-04 21:27:05
1 พฤศจิกายน 2568,รางวัลที่ 5,252424,2025-11-04 21:27:05
1 พฤศจิกายน 2568,รางวัลที่ 5,027756,2025-11-04 21:27:05
1 พฤศจิกายน 2568,รางวัลที่ 5,134746,2025-11-04 21:27:05
1 พฤศจิกายน 2568,รางวัลที่ 5,788440,2025-11-04 21:27:05
1 พฤศจิกายน 2568,รางวัลที่ 5,238077,2025-11-04 21:27:05
1 พฤศจิกายน 2568,รางวัลที่ 5,063283,2025-11-04 21:27:05
1 พฤศจิกายน 2568,รางวัลที่ 5,724114,2025-11-04 21:27:05
1 พฤศจิกายน 2568,รางวัลที่ 5,378288,2025-11-04 21:27:05
1 พฤศจิกายน 2568,รางวัลที่ 5,918769,2025-11-04 21:27:05
1 พฤศจิกายน 2568,รางวัลที่ 5,453239,2025-11-04 21:27:05
1 พฤศจิกายน 2568,รางวัลที่ 5,062418,2025-11-04 21:27:05
1 พฤศจิกายน 2568,รางวัลที่ 5,846251,2025-11-04 21:27:05
1 พฤศจิกายน 2568,รางวัลที่ 5,934338,2025-11-04 21:27:05
1 พฤศจิกายน 2568,รางวัลที่ 5,455805,2025-11-04 21:27:05
1 พฤศจิกายน 2568,รางวัลที่ 5,277548,2025-11-04 21:27:05
1 พฤศจิกายน 2568,รางวัลที่ 5,704615,2025-11-04 21:27:05
1 พฤศจิกายน 2568,รางวัลที่ 5,755906,2025-11-04 21:27:05
1 พฤศจิกายน 2568,รางวัลที่ 5,862470,2025-11-04 21:27:05
1 พฤศจิกายน 2568,รางวัลที่ 5,885180,2025-11-04 21:27:05
1 พฤศจิกายน 2568,รางวัลที่ 5,500087,2025-11-04 21:27:05
1 พฤศจิกายน 2568,รางวัลที่ 5,514548,2025-11-04 21:27:05
1 พฤศจิกายน 2568,รางวัลที่ 5,359396,2025-11-04 21:27:05
1 พฤศจิกายน 2568,รางวัลที่ 5,878391,2025-11-04 21:27:05
1 พฤศจิกายน 2568,รางวัลที่ 5,002137,2025-11-04 21:27:05
1 พฤศจิกายน 2568,รางวัลที่ 5,535748,2025-11-04 21:27:05
1 พฤศจิกายน 2568,รางวัลที่ 5,348324,2025-11-04 21:27:05
1 พฤศจิกายน 2568,รางวัลที่ 5,337060,2025-11-04 21:27:05
1 พฤศจิกายน 2568,รางวัลที่ 5,192290,2025-11-04 21:27:05
1 พฤศจิกายน 2568,รางวัลที่ 5,662085,2025-11-04 21:27:05
1 พฤศจิกายน 2568,รางวัลที่ 5,499502,2025-11-04 21:27:05
1 พฤศจิกายน 2568,รางวัลที่ 5,469810,2025-11-04 21:27:05
1 พฤศจิกายน 2568,รางวัลที่ 5,581340,2025-11-04 21:27:05
1 พฤศจิกายน 2568,รางวัลที่ 5,785389,2025-11-04 21:27:05
1 พฤศจิกายน 2568,รางวัลที่ 5,061816,2025-11-04 21:27:05
1 พฤศจิกายน 2568,รางวัลที่ 5,231959,2025-11-04 21:27:05
1 พฤศจิกายน 2568,รางวัลที่ 5,050413,2025-11-04 21:27:05
1 พฤศจิกายน 2568,รางวัลที่ 5,139934,2025-11-04 21:27:05
1 พฤศจิกายน 2568,รางวัลที่ 5,571550,2025-11-04 21:27:05
1 พฤศจิกายน 2568,รางวัลที่ 5,529501,2025-11-04 21:27:05
1 พฤศจิกายน 2568,รางวัลที่ 5,649557,2025-11-04 21:27:05
1 พฤศจิกายน 2568,รางวัลที่ 5,329595,2025-11-04 21:27:05
1 พฤศจิกายน 2568,รางวัลที่ 5,209537,2025-11-04 21:27:05
1 พฤศจิกายน 2568,รางวัลที่ 5,156459,2025-11-04 21:27:05
1 พฤศจิกายน 2568,รางวัลที่ 5,610072,2025-11-04 21:27:05
1 พฤศจิกายน 2568,รางวัลที่ 5,609205,2025-11-04 21:27:05
1 พฤศจิกายน 2568,รางวัลที่ 5,505868,2025-11-04 21:27:05
1 พฤศจิกายน 2568,รางวัลที่ 5,853862,2025-11-04 21:27:05
1 พฤศจิกายน 2568,รางวัลที่ 5,271803,2025-11-04 21:27:05
1 พฤศจิกายน 2568,รางวัลที่ 5,780480,2025-11-04 21:27:05
1 พฤศจิกายน 2568,รางวัลที่ 5,336305,2025-11-04 21:27:05
1 พฤศจิกายน 2568,รางวัลที่ 5,385514,2025-11-04 21:27:05
1 พฤศจิกายน 2568,รางวัลที่ 5,514482,2025-11-04 21:27:05
1 พฤศจิกายน 2568,รางวัลที่ 5,042030,2025-11-04 21:27:05
1 พฤศจิกายน 2568,รางวัลที่ 5,199045,2025-11-04 21:27:05
1 พฤศจิกายน 2568,รางวัลที่ 5,699332,2025-11-04 21:27:05
1 พฤศจิกายน 2568,รางวัลที่ 5,453201,2025-11-04 21:27:05
1 พฤศจิกายน 2568,รางวัลที่ 5,236644,2025-11-04 21:27:05
1 พฤศจิกายน 2568,รางวัลที่ 5,397017,2025-11-04 21:27:05
1 พฤศจิกายน 2568,รางวัลที่ 5,687066,2025-11-04 21:27:05
1 พฤศจิกายน 2568,รางวัลที่ 5,432598,2025-11-04 21:27:05
1 พฤศจิกายน 2568,รางวัลที่ 5,566649,2025-11-04 21:27:05
1 พฤศจิกายน 2568,รางวัลที่ 5,778642,2025-11-04 21:27:05
1 พฤศจิกายน 2568,รางวัลที่ 5,743096,2025-11-04 21:27:05
1 พฤศจิกายน 2568,รางวัลที่ 5,616600,2025-11-04 21:27:05
